n,pattern,height,avg_depth,balance_height,balance_size
10000,random,30,15,0.444444,0.458333
10000,random,31,15,0.534483,0.485437
10000,random,38,15,0.567164,0.522124
10000,random,30,14,0.464286,0.480392
10000,random,30,16,0.423077,0.380952
10000,random,27,14,0.509434,0.49
10000,random,29,15,0.659091,0.658537
10000,random,32,15,0.551724,0.545455
10000,random,28,15,0.391304,0.386364
10000,random,30,15,0.387755,0.372093
10000,random,33,15,0.559322,0.44186
10000,random,28,15,0.509091,0.50495
10000,random,31,15,0.465517,0.465116
10000,random,31,15,0.403846,0.37931
10000,random,29,15,0.508772,0.6
10000,random,29,15,0.527273,0.538462
10000,random,31,15,0.584906,0.588235
10000,random,30,16,0.517241,0.409091
10000,random,28,14,0.509091,0.541667
10000,random,28,14,0.5,0.480769
10000,random,27,14,0.480769,0.489796
10000,random,28,15,0.509091,0.505051
10000,random,35,16,0.564516,0.56701
10000,random,29,15,0.395833,0.391304
10000,random,30,15,0.5,0.413793
10000,random,29,15,0.5,0.593407
10000,random,34,16,0.442623,0.453704
10000,random,26,14,0.469388,0.46875
10000,random,28,15,0.45098,0.413043
10000,random,31,16,0.425926,0.414894
10000,random,30,15,0.491525,0.515152
10000,random,30,14,0.555556,0.536082
10000,random,31,15,0.465517,0.495146
10000,random,31,15,0.45614,0.435644
10000,random,27,15,0.470588,0.395349
10000,random,29,15,0.45283,0.505618
10000,random,30,16,0.652174,0.703704
10000,random,30,16,0.482759,0.5
10000,random,30,15,0.566038,0.561224
10000,random,31,16,0.607843,0.479452
10000,random,29,15,0.5,0.49
10000,random,34,15,0.618182,0.61165
10000,random,28,15,0.518519,0.509804
10000,random,29,14,0.537037,0.53
10000,random,30,15,0.454545,0.468085
10000,random,29,15,0.462963,0.428571
10000,random,31,16,0.563636,0.567901
10000,random,29,15,0.527273,0.514851
10000,random,33,17,0.515625,0.52381
10000,random,28,15,0.56,0.533333
10000,ascending,39,23,0,0
10000,ascending,39,23,0,0
10000,ascending,39,23,0,0
10000,ascending,39,23,0,0
10000,ascending,39,23,0,0
10000,ascending,39,23,0,0
10000,ascending,39,23,0,0
10000,ascending,39,23,0,0
10000,ascending,39,23,0,0
10000,ascending,39,23,0,0
10000,ascending,39,23,0,0
10000,ascending,39,23,0,0
10000,ascending,39,23,0,0
10000,ascending,39,23,0,0
10000,ascending,39,23,0,0
10000,ascending,39,23,0,0
10000,ascending,39,23,0,0
10000,ascending,39,23,0,0
10000,ascending,39,23,0,0
10000,ascending,39,23,0,0
10000,ascending,39,23,0,0
10000,ascending,39,23,0,0
10000,ascending,39,23,0,0
10000,ascending,39,23,0,0
10000,ascending,39,23,0,0
10000,ascending,39,23,0,0
10000,ascending,39,23,0,0
10000,ascending,39,23,0,0
10000,ascending,39,23,0,0
10000,ascending,39,23,0,0
10000,ascending,39,23,0,0
10000,ascending,39,23,0,0
10000,ascending,39,23,0,0
10000,ascending,39,23,0,0
10000,ascending,39,23,0,0
10000,ascending,39,23,0,0
10000,ascending,39,23,0,0
10000,ascending,39,23,0,0
10000,ascending,39,23,0,0
10000,ascending,39,23,0,0
10000,ascending,39,23,0,0
10000,ascending,39,23,0,0
10000,ascending,39,23,0,0
10000,ascending,39,23,0,0
10000,ascending,39,23,0,0
10000,ascending,39,23,0,0
10000,ascending,39,23,0,0
10000,ascending,39,23,0,0
10000,ascending,39,23,0,0
10000,ascending,39,23,0,0
10000,descending,9003,4501,1,1
10000,descending,9003,4501,1,1
10000,descending,9003,4501,1,1
10000,descending,9003,4501,1,1
10000,descending,9003,4501,1,1
10000,descending,9003,4501,1,1
10000,descending,9003,4501,1,1
10000,descending,9003,4501,1,1
10000,descending,9003,4501,1,1
10000,descending,9003,4501,1,1
10000,descending,9003,4501,1,1
10000,descending,9003,4501,1,1
10000,descending,9003,4501,1,1
10000,descending,9003,4501,1,1
10000,descending,9003,4501,1,1
10000,descending,9003,4501,1,1
10000,descending,9003,4501,1,1
10000,descending,9003,4501,1,1
10000,descending,9003,4501,1,1
10000,descending,9003,4501,1,1
10000,descending,9003,4501,1,1
10000,descending,9003,4501,1,1
10000,descending,9003,4501,1,1
10000,descending,9003,4501,1,1
10000,descending,9003,4501,1,1
10000,descending,9003,4501,1,1
10000,descending,9003,4501,1,1
10000,descending,9003,4501,1,1
10000,descending,9003,4501,1,1
10000,descending,9003,4501,1,1
10000,descending,9003,4501,1,1
10000,descending,9003,4501,1,1
10000,descending,9003,4501,1,1
10000,descending,9003,4501,1,1
10000,descending,9003,4501,1,1
10000,descending,9003,4501,1,1
10000,descending,9003,4501,1,1
10000,descending,9003,4501,1,1
10000,descending,9003,4501,1,1
10000,descending,9003,4501,1,1
10000,descending,9003,4501,1,1
10000,descending,9003,4501,1,1
10000,descending,9003,4501,1,1
10000,descending,9003,4501,1,1
10000,descending,9003,4501,1,1
10000,descending,9003,4501,1,1
10000,descending,9003,4501,1,1
10000,descending,9003,4501,1,1
10000,descending,9003,4501,1,1
10000,descending,9003,4501,1,1
15000,random,32,16,0.428571,0.4
15000,random,30,15,0.491525,0.504505
15000,random,33,16,0.421053,0.433962
15000,random,30,16,0.535714,0.58
15000,random,31,16,0.425926,0.415842
15000,random,35,15,0.42623,0.462264
15000,random,33,16,0.702128,0.72093
15000,random,29,16,0.690476,0.721519
15000,random,31,16,0.5,0.485981
15000,random,28,16,0.490909,0.495327
15000,random,29,15,0.5,0.525253
15000,random,30,15,0.535714,0.564356
15000,random,29,15,0.491228,0.490566
15000,random,31,15,0.446429,0.45
15000,random,33,16,0.459016,0.55914
15000,random,34,17,0.423729,0.435185
15000,random,30,15,0.508475,0.522936
15000,random,33,16,0.47619,0.491379
15000,random,29,15,0.5,0.471698
15000,random,37,17,0.616667,0.581633
15000,random,33,16,0.611111,0.639175
15000,random,29,15,0.537037,0.537736
15000,random,33,16,0.365385,0.382979
15000,random,32,16,0.457627,0.485981
15000,random,31,15,0.54386,0.546296
15000,random,28,15,0.471698,0.414894
15000,random,30,15,0.464286,0.481132
15000,random,33,16,0.388889,0.39604
15000,random,32,16,0.516129,0.495575
15000,random,30,15,0.555556,0.556701
15000,random,32,15,0.457627,0.481481
15000,random,34,16,0.523077,0.504348
15000,random,36,17,0.590164,0.543689
15000,random,33,16,0.431034,0.354167
15000,random,29,15,0.5,0.495413
15000,random,35,16,0.435484,0.490566
15000,random,33,16,0.492308,0.584158
15000,random,32,16,0.561404,0.543689
15000,random,32,16,0.533333,0.53913
15000,random,32,17,0.592593,0.533333
15000,random,33,15,0.47619,0.468468
15000,random,33,18,0.3125,0.391304
15000,random,32,15,0.533333,0.480392
15000,random,32,15,0.615385,0.655914
15000,random,27,15,0.519231,0.483516
15000,random,28,15,0.5,0.5
15000,random,34,17,0.105263,0.0597015
15000,random,29,15,0.517857,0.528302
15000,random,33,17,0.377358,0.395833
15000,random,31,15,0.534483,0.518182
15000,ascending,39,23,0,0
15000,ascending,39,23,0,0
15000,ascending,39,23,0,0
15000,ascending,39,23,0,0
15000,ascending,39,23,0,0
15000,ascending,39,23,0,0
15000,ascending,39,23,0,0
15000,ascending,39,23,0,0
15000,ascending,39,23,0,0
15000,ascending,39,23,0,0
15000,ascending,39,23,0,0
15000,ascending,39,23,0,0
15000,ascending,39,23,0,0
15000,ascending,39,23,0,0
15000,ascending,39,23,0,0
15000,ascending,39,23,0,0
15000,ascending,39,23,0,0
15000,ascending,39,23,0,0
15000,ascending,39,23,0,0
15000,ascending,39,23,0,0
15000,ascending,39,23,0,0
15000,ascending,39,23,0,0
15000,ascending,39,23,0,0
15000,ascending,39,23,0,0
15000,ascending,39,23,0,0
15000,ascending,39,23,0,0
15000,ascending,39,23,0,0
15000,ascending,39,23,0,0
15000,ascending,39,23,0,0
15000,ascending,39,23,0,0
15000,ascending,39,23,0,0
15000,ascending,39,23,0,0
15000,ascending,39,23,0,0
15000,ascending,39,23,0,0
15000,ascending,39,23,0,0
15000,ascending,39,23,0,0
15000,ascending,39,23,0,0
15000,ascending,39,23,0,0
15000,ascending,39,23,0,0
15000,ascending,39,23,0,0
15000,ascending,39,23,0,0
15000,ascending,39,23,0,0
15000,ascending,39,23,0,0
15000,ascending,39,23,0,0
15000,ascending,39,23,0,0
15000,ascending,39,23,0,0
15000,ascending,39,23,0,0
15000,ascending,39,23,0,0
15000,ascending,39,23,0,0
15000,ascending,39,23,0,0
15000,descending,8502,3603,0.370502,0.370502
15000,descending,8502,3603,0.370502,0.370502
15000,descending,8502,3603,0.370502,0.370502
15000,descending,8502,3603,0.370502,0.370502
15000,descending,8502,3603,0.370502,0.370502
15000,descending,8502,3603,0.370502,0.370502
15000,descending,8502,3603,0.370502,0.370502
15000,descending,8502,3603,0.370502,0.370502
15000,descending,8502,3603,0.370502,0.370502
15000,descending,8502,3603,0.370502,0.370502
15000,descending,8502,3603,0.370502,0.370502
15000,descending,8502,3603,0.370502,0.370502
15000,descending,8502,3603,0.370502,0.370502
15000,descending,8502,3603,0.370502,0.370502
15000,descending,8502,3603,0.370502,0.370502
15000,descending,8502,3603,0.370502,0.370502
15000,descending,8502,3603,0.370502,0.370502
15000,descending,8502,3603,0.370502,0.370502
15000,descending,8502,3603,0.370502,0.370502
15000,descending,8502,3603,0.370502,0.370502
15000,descending,8502,3603,0.370502,0.370502
15000,descending,8502,3603,0.370502,0.370502
15000,descending,8502,3603,0.370502,0.370502
15000,descending,8502,3603,0.370502,0.370502
15000,descending,8502,3603,0.370502,0.370502
15000,descending,8502,3603,0.370502,0.370502
15000,descending,8502,3603,0.370502,0.370502
15000,descending,8502,3603,0.370502,0.370502
15000,descending,8502,3603,0.370502,0.370502
15000,descending,8502,3603,0.370502,0.370502
15000,descending,8502,3603,0.370502,0.370502
15000,descending,8502,3603,0.370502,0.370502
15000,descending,8502,3603,0.370502,0.370502
15000,descending,8502,3603,0.370502,0.370502
15000,descending,8502,3603,0.370502,0.370502
15000,descending,8502,3603,0.370502,0.370502
15000,descending,8502,3603,0.370502,0.370502
15000,descending,8502,3603,0.370502,0.370502
15000,descending,8502,3603,0.370502,0.370502
15000,descending,8502,3603,0.370502,0.370502
15000,descending,8502,3603,0.370502,0.370502
15000,descending,8502,3603,0.370502,0.370502
15000,descending,8502,3603,0.370502,0.370502
15000,descending,8502,3603,0.370502,0.370502
15000,descending,8502,3603,0.370502,0.370502
15000,descending,8502,3603,0.370502,0.370502
15000,descending,8502,3603,0.370502,0.370502
15000,descending,8502,3603,0.370502,0.370502
15000,descending,8502,3603,0.370502,0.370502
15000,descending,8502,3603,0.370502,0.370502
20000,random,32,17,0.5,0.53913
20000,random,32,16,0.542373,0.530973
20000,random,31,16,0.415094,0.41
20000,random,31,16,0.508197,0.508621
20000,random,33,18,0.0833333,0.0655738
20000,random,37,17,0.569231,0.643564
20000,random,32,16,0.438596,0.411215
20000,random,35,17,0.564516,0.523364
20000,random,35,18,0.583333,0.546296
20000,random,32,16,0.492063,0.469027
20000,random,32,16,0.52459,0.560748
20000,random,34,16,0.548387,0.564815
20000,random,29,16,0.5,0.471698
20000,random,38,18,0.424242,0.449153
20000,random,33,16,0.484375,0.535714
20000,random,33,17,0.540984,0.527778
20000,random,37,17,0.362069,0.366337
20000,random,30,16,0.5,0.557692
20000,random,35,17,0.603448,0.603604
20000,random,33,17,0.34,0.337079
20000,random,31,16,0.516667,0.509259
20000,random,34,16,0.492537,0.476562
20000,random,40,16,0.555556,0.546218
20000,random,34,17,0.492537,0.442478
20000,random,32,16,0.466667,0.486726
20000,random,33,16,0.55,0.6
20000,random,35,17,0.603448,0.595745
20000,random,30,16,0.508475,0.504348
20000,random,30,17,0.526316,0.525253
20000,random,33,16,0.532258,0.553571
20000,random,34,16,0.413793,0.4
20000,random,32,16,0.47541,0.468468
20000,random,32,15,0.483871,0.463636
20000,random,32,16,0.52459,0.517241
20000,random,30,16,0.5,0.504587
20000,random,34,18,0.306122,0.27381
20000,random,34,16,0.507463,0.530973
20000,random,33,16,0.647059,0.693182
20000,random,34,16,0.46875,0.463636
20000,random,30,16,0.508475,0.528302
20000,random,36,17,0.492958,0.521008
20000,random,33,17,0.540984,0.563107
20000,random,41,17,0.577465,0.570248
20000,random,33,16,0.55,0.564815
20000,random,33,16,0.431034,0.442308
20000,random,31,15,0.474576,0.472727
20000,random,37,19,0.412698,0.45045
20000,random,33,16,0.467742,0.453704
20000,random,33,17,0.507692,0.486486
20000,random,32,16,0.492063,0.464286
20000,ascending,42,25,0,0
20000,ascending,42,25,0,0
20000,ascending,42,25,0,0
20000,ascending,42,25,0,0
20000,ascending,42,25,0,0
20000,ascending,42,25,0,0
20000,ascending,42,25,0,0
20000,ascending,42,25,0,0
20000,ascending,42,25,0,0
20000,ascending,42,25,0,0
20000,ascending,42,25,0,0
20000,ascending,42,25,0,0
20000,ascending,42,25,0,0
20000,ascending,42,25,0,0
20000,ascending,42,25,0,0
20000,ascending,42,25,0,0
20000,ascending,42,25,0,0
20000,ascending,42,25,0,0
20000,ascending,42,25,0,0
20000,ascending,42,25,0,0
20000,ascending,42,25,0,0
20000,ascending,42,25,0,0
20000,ascending,42,25,0,0
20000,ascending,42,25,0,0
20000,ascending,42,25,0,0
20000,ascending,42,25,0,0
20000,ascending,42,25,0,0
20000,ascending,42,25,0,0
20000,ascending,42,25,0,0
20000,ascending,42,25,0,0
20000,ascending,42,25,0,0
20000,ascending,42,25,0,0
20000,ascending,42,25,0,0
20000,ascending,42,25,0,0
20000,ascending,42,25,0,0
20000,ascending,42,25,0,0
20000,ascending,42,25,0,0
20000,ascending,42,25,0,0
20000,ascending,42,25,0,0
20000,ascending,42,25,0,0
20000,ascending,42,25,0,0
20000,ascending,42,25,0,0
20000,ascending,42,25,0,0
20000,ascending,42,25,0,0
20000,ascending,42,25,0,0
20000,ascending,42,25,0,0
20000,ascending,42,25,0,0
20000,ascending,42,25,0,0
20000,ascending,42,25,0,0
20000,ascending,42,25,0,0
20000,descending,10004,4557,0.555562,0.555562
20000,descending,10004,4557,0.555562,0.555562
20000,descending,10004,4557,0.555562,0.555562
20000,descending,10004,4557,0.555562,0.555562
20000,descending,10004,4557,0.555562,0.555562
20000,descending,10004,4557,0.555562,0.555562
20000,descending,10004,4557,0.555562,0.555562
20000,descending,10004,4557,0.555562,0.555562
20000,descending,10004,4557,0.555562,0.555562
20000,descending,10004,4557,0.555562,0.555562
20000,descending,10004,4557,0.555562,0.555562
20000,descending,10004,4557,0.555562,0.555562
20000,descending,10004,4557,0.555562,0.555562
20000,descending,10004,4557,0.555562,0.555562
20000,descending,10004,4557,0.555562,0.555562
20000,descending,10004,4557,0.555562,0.555562
20000,descending,10004,4557,0.555562,0.555562
20000,descending,10004,4557,0.555562,0.555562
20000,descending,10004,4557,0.555562,0.555562
20000,descending,10004,4557,0.555562,0.555562
20000,descending,10004,4557,0.555562,0.555562
20000,descending,10004,4557,0.555562,0.555562
20000,descending,10004,4557,0.555562,0.555562
20000,descending,10004,4557,0.555562,0.555562
20000,descending,10004,4557,0.555562,0.555562
20000,descending,10004,4557,0.555562,0.555562
20000,descending,10004,4557,0.555562,0.555562
20000,descending,10004,4557,0.555562,0.555562
20000,descending,10004,4557,0.555562,0.555562
20000,descending,10004,4557,0.555562,0.555562
20000,descending,10004,4557,0.555562,0.555562
20000,descending,10004,4557,0.555562,0.555562
20000,descending,10004,4557,0.555562,0.555562
20000,descending,10004,4557,0.555562,0.555562
20000,descending,10004,4557,0.555562,0.555562
20000,descending,10004,4557,0.555562,0.555562
20000,descending,10004,4557,0.555562,0.555562
20000,descending,10004,4557,0.555562,0.555562
20000,descending,10004,4557,0.555562,0.555562
20000,descending,10004,4557,0.555562,0.555562
20000,descending,10004,4557,0.555562,0.555562
20000,descending,10004,4557,0.555562,0.555562
20000,descending,10004,4557,0.555562,0.555562
20000,descending,10004,4557,0.555562,0.555562
20000,descending,10004,4557,0.555562,0.555562
20000,descending,10004,4557,0.555562,0.555562
20000,descending,10004,4557,0.555562,0.555562
20000,descending,10004,4557,0.555562,0.555562
20000,descending,10004,4557,0.555562,0.555562
20000,descending,10004,4557,0.555562,0.555562
25000,random,37,18,0.383333,0.353535
25000,random,30,16,0.517241,0.542056
25000,random,39,20,0.338983,0.382353
25000,random,31,16,0.474576,0.457944
25000,random,34,17,0.451613,0.428571
25000,random,32,17,0.542373,0.556604
25000,random,35,17,0.530303,0.433962
25000,random,32,16,0.483871,0.517857
25000,random,33,17,0.352941,0.357895
25000,random,32,17,0.52459,0.561905
25000,random,35,16,0.538462,0.540984
25000,random,34,17,0.641509,0.643564
25000,random,34,17,0.460317,0.475
25000,random,32,17,0.466667,0.469027
25000,random,32,16,0.52459,0.5
25000,random,32,17,0.492063,0.551402
25000,random,33,17,0.52381,0.516667
25000,random,33,17,0.507692,0.504762
25000,random,34,17,0.515152,0.486726
25000,random,34,16,0.523077,0.512605
25000,random,32,17,0.483871,0.522124
25000,random,37,16,0.447761,0.425
25000,random,35,17,0.42623,0.416667
25000,random,34,18,0.515152,0.536364
25000,random,37,18,0.649123,0.649485
25000,random,36,17,0.6,0.587629
25000,random,33,16,0.5,0.5
25000,random,33,16,0.388889,0.382353
25000,random,33,17,0.559322,0.54955
25000,random,33,17,0.55,0.5625
25000,random,38,18,0.254902,0.261364
25000,random,36,17,0.454545,0.469027
25000,random,35,18,0.583333,0.653061
25000,random,36,17,0.580645,0.584071
25000,random,34,16,0.548387,0.583333
25000,random,32,16,0.52459,0.574074
25000,random,39,18,0.58209,0.557377
25000,random,33,17,0.484375,0.461538
25000,random,41,17,0.453333,0.463415
25000,random,31,17,0.5,0.504587
25000,random,33,16,0.540984,0.534483
25000,random,31,16,0.516667,0.522124
25000,random,34,16,0.507463,0.521739
25000,random,34,17,0.515152,0.490566
25000,random,33,16,0.52381,0.526316
25000,random,32,16,0.492063,0.504505
25000,random,35,16,0.546875,0.571429
25000,random,33,16,0.515625,0.534483
25000,random,31,17,0.367347,0.354839
25000,random,36,19,0.610169,0.65625
25000,ascending,42,25,0,0
25000,ascending,42,25,0,0
25000,ascending,42,25,0,0
25000,ascending,42,25,0,0
25000,ascending,42,25,0,0
25000,ascending,42,25,0,0
25000,ascending,42,25,0,0
25000,ascending,42,25,0,0
25000,ascending,42,25,0,0
25000,ascending,42,25,0,0
25000,ascending,42,25,0,0
25000,ascending,42,25,0,0
25000,ascending,42,25,0,0
25000,ascending,42,25,0,0
25000,ascending,42,25,0,0
25000,ascending,42,25,0,0
25000,ascending,42,25,0,0
25000,ascending,42,25,0,0
25000,ascending,42,25,0,0
25000,ascending,42,25,0,0
25000,ascending,42,25,0,0
25000,ascending,42,25,0,0
25000,ascending,42,25,0,0
25000,ascending,42,25,0,0
25000,ascending,42,25,0,0
25000,ascending,42,25,0,0
25000,ascending,42,25,0,0
25000,ascending,42,25,0,0
25000,ascending,42,25,0,0
25000,ascending,42,25,0,0
25000,ascending,42,25,0,0
25000,ascending,42,25,0,0
25000,ascending,42,25,0,0
25000,ascending,42,25,0,0
25000,ascending,42,25,0,0
25000,ascending,42,25,0,0
25000,ascending,42,25,0,0
25000,ascending,42,25,0,0
25000,ascending,42,25,0,0
25000,ascending,42,25,0,0
25000,ascending,42,25,0,0
25000,ascending,42,25,0,0
25000,ascending,42,25,0,0
25000,ascending,42,25,0,0
25000,ascending,42,25,0,0
25000,ascending,42,25,0,0
25000,ascending,42,25,0,0
25000,ascending,42,25,0,0
25000,ascending,42,25,0,0
25000,ascending,42,25,0,0
25000,descending,15004,6251,0.666667,0.666667
25000,descending,15004,6251,0.666667,0.666667
25000,descending,15004,6251,0.666667,0.666667
25000,descending,15004,6251,0.666667,0.666667
25000,descending,15004,6251,0.666667,0.666667
25000,descending,15004,6251,0.666667,0.666667
25000,descending,15004,6251,0.666667,0.666667
25000,descending,15004,6251,0.666667,0.666667
25000,descending,15004,6251,0.666667,0.666667
25000,descending,15004,6251,0.666667,0.666667
25000,descending,15004,6251,0.666667,0.666667
25000,descending,15004,6251,0.666667,0.666667
25000,descending,15004,6251,0.666667,0.666667
25000,descending,15004,6251,0.666667,0.666667
25000,descending,15004,6251,0.666667,0.666667
25000,descending,15004,6251,0.666667,0.666667
25000,descending,15004,6251,0.666667,0.666667
25000,descending,15004,6251,0.666667,0.666667
25000,descending,15004,6251,0.666667,0.666667
25000,descending,15004,6251,0.666667,0.666667
25000,descending,15004,6251,0.666667,0.666667
25000,descending,15004,6251,0.666667,0.666667
25000,descending,15004,6251,0.666667,0.666667
25000,descending,15004,6251,0.666667,0.666667
25000,descending,15004,6251,0.666667,0.666667
25000,descending,15004,6251,0.666667,0.666667
25000,descending,15004,6251,0.666667,0.666667
25000,descending,15004,6251,0.666667,0.666667
25000,descending,15004,6251,0.666667,0.666667
25000,descending,15004,6251,0.666667,0.666667
25000,descending,15004,6251,0.666667,0.666667
25000,descending,15004,6251,0.666667,0.666667
25000,descending,15004,6251,0.666667,0.666667
25000,descending,15004,6251,0.666667,0.666667
25000,descending,15004,6251,0.666667,0.666667
25000,descending,15004,6251,0.666667,0.666667
25000,descending,15004,6251,0.666667,0.666667
25000,descending,15004,6251,0.666667,0.666667
25000,descending,15004,6251,0.666667,0.666667
25000,descending,15004,6251,0.666667,0.666667
25000,descending,15004,6251,0.666667,0.666667
25000,descending,15004,6251,0.666667,0.666667
25000,descending,15004,6251,0.666667,0.666667
25000,descending,15004,6251,0.666667,0.666667
25000,descending,15004,6251,0.666667,0.666667
25000,descending,15004,6251,0.666667,0.666667
25000,descending,15004,6251,0.666667,0.666667
25000,descending,15004,6251,0.666667,0.666667
25000,descending,15004,6251,0.666667,0.666667
25000,descending,15004,6251,0.666667,0.666667
30000,random,37,17,0.478873,0.480916
30000,random,36,18,0.610169,0.612613
30000,random,33,17,0.507692,0.53719
30000,random,35,17,0.461538,0.444444
30000,random,34,16,0.515152,0.487603
30000,random,33,16,0.507692,0.516667
30000,random,33,16,0.484375,0.491667
30000,random,41,18,0.61194,0.588235
30000,random,38,19,0.355932,0.313953
30000,random,36,17,0.529412,0.529412
30000,random,37,19,0.587302,0.584158
30000,random,35,17,0.507246,0.568966
30000,random,32,17,0.438596,0.45283
30000,random,33,17,0.578947,0.587156
30000,random,34,17,0.484848,0.512821
30000,random,35,17,0.522388,0.524194
30000,random,39,18,0.639344,0.744681
30000,random,35,18,0.469697,0.412281
30000,random,35,17,0.469697,0.465517
30000,random,36,18,0.514286,0.518182
30000,random,32,17,0.47541,0.441441
30000,random,40,19,0.384615,0.37931
30000,random,33,17,0.5,0.516667
30000,random,33,17,0.5,0.517241
30000,random,37,17,0.513889,0.496
30000,random,32,17,0.516129,0.508621
30000,random,31,16,0.483333,0.473214
30000,random,34,18,0.413793,0.419048
30000,random,32,17,0.533333,0.579439
30000,random,32,18,0.561404,0.529412
30000,random,35,19,0.40678,0.4
30000,random,31,17,0.5,0.487179
30000,random,38,18,0.472222,0.48
30000,random,33,17,0.467742,0.478632
30000,random,35,17,0.42623,0.425926
30000,random,34,16,0.523077,0.508197
30000,random,35,17,0.555556,0.560345
30000,random,33,17,0.5,0.486486
30000,random,32,16,0.466667,0.478261
30000,random,34,16,0.492537,0.53719
30000,random,33,16,0.507692,0.464912
30000,random,33,18,0.532258,0.446602
30000,random,34,18,0.548387,0.548673
30000,random,34,18,0.596491,0.57
30000,random,37,17,0.544118,0.508475
30000,random,37,17,0.439394,0.446429
30000,random,34,17,0.492537,0.464912
30000,random,32,17,0.483871,0.465517
30000,random,33,17,0.5,0.5
30000,random,33,17,0.492308,0.504202
30000,ascending,43,25,0,0
30000,ascending,43,25,0,0
30000,ascending,43,25,0,0
30000,ascending,43,25,0,0
30000,ascending,43,25,0,0
30000,ascending,43,25,0,0
30000,ascending,43,25,0,0
30000,ascending,43,25,0,0
30000,ascending,43,25,0,0
30000,ascending,43,25,0,0
30000,ascending,43,25,0,0
30000,ascending,43,25,0,0
30000,ascending,43,25,0,0
30000,ascending,43,25,0,0
30000,ascending,43,25,0,0
30000,ascending,43,25,0,0
30000,ascending,43,25,0,0
30000,ascending,43,25,0,0
30000,ascending,43,25,0,0
30000,ascending,43,25,0,0
30000,ascending,43,25,0,0
30000,ascending,43,25,0,0
30000,ascending,43,25,0,0
30000,ascending,43,25,0,0
30000,ascending,43,25,0,0
30000,ascending,43,25,0,0
30000,ascending,43,25,0,0
30000,ascending,43,25,0,0
30000,ascending,43,25,0,0
30000,ascending,43,25,0,0
30000,ascending,43,25,0,0
30000,ascending,43,25,0,0
30000,ascending,43,25,0,0
30000,ascending,43,25,0,0
30000,ascending,43,25,0,0
30000,ascending,43,25,0,0
30000,ascending,43,25,0,0
30000,ascending,43,25,0,0
30000,ascending,43,25,0,0
30000,ascending,43,25,0,0
30000,ascending,43,25,0,0
30000,ascending,43,25,0,0
30000,ascending,43,25,0,0
30000,ascending,43,25,0,0
30000,ascending,43,25,0,0
30000,ascending,43,25,0,0
30000,ascending,43,25,0,0
30000,ascending,43,25,0,0
30000,ascending,43,25,0,0
30000,ascending,43,25,0,0
30000,descending,20004,8316,0.740697,0.740697
30000,descending,20004,8316,0.740697,0.740697
30000,descending,20004,8316,0.740697,0.740697
30000,descending,20004,8316,0.740697,0.740697
30000,descending,20004,8316,0.740697,0.740697
30000,descending,20004,8316,0.740697,0.740697
30000,descending,20004,8316,0.740697,0.740697
30000,descending,20004,8316,0.740697,0.740697
30000,descending,20004,8316,0.740697,0.740697
30000,descending,20004,8316,0.740697,0.740697
30000,descending,20004,8316,0.740697,0.740697
30000,descending,20004,8316,0.740697,0.740697
30000,descending,20004,8316,0.740697,0.740697
30000,descending,20004,8316,0.740697,0.740697
30000,descending,20004,8316,0.740697,0.740697
30000,descending,20004,8316,0.740697,0.740697
30000,descending,20004,8316,0.740697,0.740697
30000,descending,20004,8316,0.740697,0.740697
30000,descending,20004,8316,0.740697,0.740697
30000,descending,20004,8316,0.740697,0.740697
30000,descending,20004,8316,0.740697,0.740697
30000,descending,20004,8316,0.740697,0.740697
30000,descending,20004,8316,0.740697,0.740697
30000,descending,20004,8316,0.740697,0.740697
30000,descending,20004,8316,0.740697,0.740697
30000,descending,20004,8316,0.740697,0.740697
30000,descending,20004,8316,0.740697,0.740697
30000,descending,20004,8316,0.740697,0.740697
30000,descending,20004,8316,0.740697,0.740697
30000,descending,20004,8316,0.740697,0.740697
30000,descending,20004,8316,0.740697,0.740697
30000,descending,20004,8316,0.740697,0.740697
30000,descending,20004,8316,0.740697,0.740697
30000,descending,20004,8316,0.740697,0.740697
30000,descending,20004,8316,0.740697,0.740697
30000,descending,20004,8316,0.740697,0.740697
30000,descending,20004,8316,0.740697,0.740697
30000,descending,20004,8316,0.740697,0.740697
30000,descending,20004,8316,0.740697,0.740697
30000,descending,20004,8316,0.740697,0.740697
30000,descending,20004,8316,0.740697,0.740697
30000,descending,20004,8316,0.740697,0.740697
30000,descending,20004,8316,0.740697,0.740697
30000,descending,20004,8316,0.740697,0.740697
30000,descending,20004,8316,0.740697,0.740697
30000,descending,20004,8316,0.740697,0.740697
30000,descending,20004,8316,0.740697,0.740697
30000,descending,20004,8316,0.740697,0.740697
30000,descending,20004,8316,0.740697,0.740697
30000,descending,20004,8316,0.740697,0.740697
35000,random,33,17,0.459016,0.469565
35000,random,34,17,0.484848,0.458333
35000,random,35,18,0.461538,0.466667
35000,random,35,17,0.492754,0.52459
35000,random,36,18,0.4,0.410714
35000,random,34,18,0.460317,0.448276
35000,random,35,19,0.59322,0.605263
35000,random,36,17,0.462687,0.53211
35000,random,36,18,0.590164,0.635514
35000,random,32,17,0.5,0.521008
35000,random,40,19,0.547945,0.556604
35000,random,34,17,0.566667,0.584071
35000,random,35,18,0.469697,0.448276
35000,random,41,19,0.378788,0.355769
35000,random,35,17,0.492754,0.488
35000,random,34,17,0.492537,0.426087
35000,random,35,18,0.514706,0.548387
35000,random,35,18,0.42623,0.473684
35000,random,37,18,0.478873,0.453125
35000,random,37,18,0.393443,0.40708
35000,random,33,17,0.467742,0.470085
35000,random,34,18,0.576271,0.634615
35000,random,38,17,0.472222,0.492308
35000,random,37,18,0.439394,0.454545
35000,random,34,18,0.460317,0.420561
35000,random,38,19,0.59375,0.642202
35000,random,38,18,0.584615,0.598131
35000,random,34,17,0.484848,0.448276
35000,random,38,18,0.344828,0.27957
35000,random,34,17,0.576271,0.592593
35000,random,37,17,0.649123,0.660194
35000,random,34,17,0.53125,0.441176
35000,random,37,18,0.403226,0.423423
35000,random,33,16,0.459016,0.474138
35000,random,35,18,0.453125,0.495495
35000,random,37,19,0.698113,0.724138
35000,random,33,17,0.467742,0.475
35000,random,36,18,0.478261,0.491071
35000,random,39,19,0.573529,0.561983
35000,random,41,19,0.630769,0.641509
35000,random,38,17,0.396825,0.403509
35000,random,33,17,0.507692,0.520325
35000,random,37,18,0.471429,0.445378
35000,random,36,17,0.571429,0.560345
35000,random,38,18,0.655172,0.670213
35000,random,34,17,0.46875,0.513274
35000,random,35,18,0.485294,0.565217
35000,random,35,18,0.477612,0.5
35000,random,37,17,0.552239,0.579832
35000,random,37,16,0.544118,0.539062
35000,ascending,43,26,0,0
35000,ascending,43,26,0,0
35000,ascending,43,26,0,0
35000,ascending,43,26,0,0
35000,ascending,43,26,0,0
35000,ascending,43,26,0,0
35000,ascending,43,26,0,0
35000,ascending,43,26,0,0
35000,ascending,43,26,0,0
35000,ascending,43,26,0,0
35000,ascending,43,26,0,0
35000,ascending,43,26,0,0
35000,ascending,43,26,0,0
35000,ascending,43,26,0,0
35000,ascending,43,26,0,0
35000,ascending,43,26,0,0
35000,ascending,43,26,0,0
35000,ascending,43,26,0,0
35000,ascending,43,26,0,0
35000,ascending,43,26,0,0
35000,ascending,43,26,0,0
35000,ascending,43,26,0,0
35000,ascending,43,26,0,0
35000,ascending,43,26,0,0
35000,ascending,43,26,0,0
35000,ascending,43,26,0,0
35000,ascending,43,26,0,0
35000,ascending,43,26,0,0
35000,ascending,43,26,0,0
35000,ascending,43,26,0,0
35000,ascending,43,26,0,0
35000,ascending,43,26,0,0
35000,ascending,43,26,0,0
35000,ascending,43,26,0,0
35000,ascending,43,26,0,0
35000,ascending,43,26,0,0
35000,ascending,43,26,0,0
35000,ascending,43,26,0,0
35000,ascending,43,26,0,0
35000,ascending,43,26,0,0
35000,ascending,43,26,0,0
35000,ascending,43,26,0,0
35000,ascending,43,26,0,0
35000,ascending,43,26,0,0
35000,ascending,43,26,0,0
35000,ascending,43,26,0,0
35000,ascending,43,26,0,0
35000,ascending,43,26,0,0
35000,ascending,43,26,0,0
35000,ascending,43,26,0,0
35000,descending,25004,10593,0.793627,0.793627
35000,descending,25004,10593,0.793627,0.793627
35000,descending,25004,10593,0.793627,0.793627
35000,descending,25004,10593,0.793627,0.793627
35000,descending,25004,10593,0.793627,0.793627
35000,descending,25004,10593,0.793627,0.793627
35000,descending,25004,10593,0.793627,0.793627
35000,descending,25004,10593,0.793627,0.793627
35000,descending,25004,10593,0.793627,0.793627
35000,descending,25004,10593,0.793627,0.793627
35000,descending,25004,10593,0.793627,0.793627
35000,descending,25004,10593,0.793627,0.793627
35000,descending,25004,10593,0.793627,0.793627
35000,descending,25004,10593,0.793627,0.793627
35000,descending,25004,10593,0.793627,0.793627
35000,descending,25004,10593,0.793627,0.793627
35000,descending,25004,10593,0.793627,0.793627
35000,descending,25004,10593,0.793627,0.793627
35000,descending,25004,10593,0.793627,0.793627
35000,descending,25004,10593,0.793627,0.793627
35000,descending,25004,10593,0.793627,0.793627
35000,descending,25004,10593,0.793627,0.793627
35000,descending,25004,10593,0.793627,0.793627
35000,descending,25004,10593,0.793627,0.793627
35000,descending,25004,10593,0.793627,0.793627
35000,descending,25004,10593,0.793627,0.793627
35000,descending,25004,10593,0.793627,0.793627
35000,descending,25004,10593,0.793627,0.793627
35000,descending,25004,10593,0.793627,0.793627
35000,descending,25004,10593,0.793627,0.793627
35000,descending,25004,10593,0.793627,0.793627
35000,descending,25004,10593,0.793627,0.793627
35000,descending,25004,10593,0.793627,0.793627
35000,descending,25004,10593,0.793627,0.793627
35000,descending,25004,10593,0.793627,0.793627
35000,descending,25004,10593,0.793627,0.793627
35000,descending,25004,10593,0.793627,0.793627
35000,descending,25004,10593,0.793627,0.793627
35000,descending,25004,10593,0.793627,0.793627
35000,descending,25004,10593,0.793627,0.793627
35000,descending,25004,10593,0.793627,0.793627
35000,descending,25004,10593,0.793627,0.793627
35000,descending,25004,10593,0.793627,0.793627
35000,descending,25004,10593,0.793627,0.793627
35000,descending,25004,10593,0.793627,0.793627
35000,descending,25004,10593,0.793627,0.793627
35000,descending,25004,10593,0.793627,0.793627
35000,descending,25004,10593,0.793627,0.793627
35000,descending,25004,10593,0.793627,0.793627
35000,descending,25004,10593,0.793627,0.793627
40000,random,33,18,0.5,0.488
40000,random,40,19,0.769231,0.752688
40000,random,34,17,0.460317,0.427273
40000,random,39,18,0.409091,0.4
40000,random,36,18,0.428571,0.422764
40000,random,36,18,0.4,0.386792
40000,random,44,19,0.39726,0.401575
40000,random,34,18,0.476923,0.467742
40000,random,34,17,0.492537,0.529915
40000,random,35,18,0.530303,0.534884
40000,random,33,17,0.5,0.553571
40000,random,38,19,0.633333,0.656863
40000,random,35,19,0.546875,0.517857
40000,random,36,18,0.454545,0.487395
40000,random,37,18,0.536232,0.563492
40000,random,34,18,0.433333,0.451327
40000,random,33,17,0.492308,0.504
40000,random,37,18,0.478873,0.428571
40000,random,36,17,0.446154,0.438017
40000,random,38,18,0.40625,0.411765
40000,random,35,18,0.564516,0.573913
40000,random,38,18,0.424242,0.391304
40000,random,35,19,0.583333,0.570175
40000,random,42,18,0.454545,0.398305
40000,random,34,17,0.539683,0.57265
40000,random,39,18,0.4,0.422018
40000,random,33,17,0.507692,0.507812
40000,random,35,17,0.555556,0.561404
40000,random,36,19,0.454545,0.495413
40000,random,34,18,0.484848,0.487805
40000,random,40,19,0.375,0.405172
40000,random,34,17,0.492537,0.504132
40000,random,35,18,0.485294,0.396396
40000,random,34,18,0.46875,0.396396
40000,random,33,17,0.467742,0.457627
40000,random,39,18,0.573529,0.614754
40000,random,38,20,0.550725,0.572816
40000,random,37,18,0.478873,0.452381
40000,random,40,18,0.666667,0.657407
40000,random,36,18,0.470588,0.504065
40000,random,37,19,0.314815,0.303371
40000,random,37,17,0.478873,0.488
40000,random,35,17,0.522388,0.504065
40000,random,37,17,0.569231,0.565574
40000,random,36,18,0.478261,0.548673
40000,random,37,17,0.560606,0.557377
40000,random,36,17,0.485714,0.508475
40000,random,34,18,0.5,0.508929
40000,random,33,17,0.532258,0.558559
40000,random,33,17,0.55,0.551724
40000,ascending,44,26,0,0
40000,ascending,44,26,0,0
40000,ascending,44,26,0,0
40000,ascending,44,26,0,0
40000,ascending,44,26,0,0
40000,ascending,44,26,0,0
40000,ascending,44,26,0,0
40000,ascending,44,26,0,0
40000,ascending,44,26,0,0
40000,ascending,44,26,0,0
40000,ascending,44,26,0,0
40000,ascending,44,26,0,0
40000,ascending,44,26,0,0
40000,ascending,44,26,0,0
40000,ascending,44,26,0,0
40000,ascending,44,26,0,0
40000,ascending,44,26,0,0
40000,ascending,44,26,0,0
40000,ascending,44,26,0,0
40000,ascending,44,26,0,0
40000,ascending,44,26,0,0
40000,ascending,44,26,0,0
40000,ascending,44,26,0,0
40000,ascending,44,26,0,0
40000,ascending,44,26,0,0
40000,ascending,44,26,0,0
40000,ascending,44,26,0,0
40000,ascending,44,26,0,0
40000,ascending,44,26,0,0
40000,ascending,44,26,0,0
40000,ascending,44,26,0,0
40000,ascending,44,26,0,0
40000,ascending,44,26,0,0
40000,ascending,44,26,0,0
40000,ascending,44,26,0,0
40000,ascending,44,26,0,0
40000,ascending,44,26,0,0
40000,ascending,44,26,0,0
40000,ascending,44,26,0,0
40000,ascending,44,26,0,0
40000,ascending,44,26,0,0
40000,ascending,44,26,0,0
40000,ascending,44,26,0,0
40000,ascending,44,26,0,0
40000,ascending,44,26,0,0
40000,ascending,44,26,0,0
40000,ascending,44,26,0,0
40000,ascending,44,26,0,0
40000,ascending,44,26,0,0
40000,ascending,44,26,0,0
40000,descending,30004,13002,0.833282,0.833282
40000,descending,30004,13002,0.833282,0.833282
40000,descending,30004,13002,0.833282,0.833282
40000,descending,30004,13002,0.833282,0.833282
40000,descending,30004,13002,0.833282,0.833282
40000,descending,30004,13002,0.833282,0.833282
40000,descending,30004,13002,0.833282,0.833282
40000,descending,30004,13002,0.833282,0.833282
40000,descending,30004,13002,0.833282,0.833282
40000,descending,30004,13002,0.833282,0.833282
40000,descending,30004,13002,0.833282,0.833282
40000,descending,30004,13002,0.833282,0.833282
40000,descending,30004,13002,0.833282,0.833282
40000,descending,30004,13002,0.833282,0.833282
40000,descending,30004,13002,0.833282,0.833282
40000,descending,30004,13002,0.833282,0.833282
40000,descending,30004,13002,0.833282,0.833282
40000,descending,30004,13002,0.833282,0.833282
40000,descending,30004,13002,0.833282,0.833282
40000,descending,30004,13002,0.833282,0.833282
40000,descending,30004,13002,0.833282,0.833282
40000,descending,30004,13002,0.833282,0.833282
40000,descending,30004,13002,0.833282,0.833282
40000,descending,30004,13002,0.833282,0.833282
40000,descending,30004,13002,0.833282,0.833282
40000,descending,30004,13002,0.833282,0.833282
40000,descending,30004,13002,0.833282,0.833282
40000,descending,30004,13002,0.833282,0.833282
40000,descending,30004,13002,0.833282,0.833282
40000,descending,30004,13002,0.833282,0.833282
40000,descending,30004,13002,0.833282,0.833282
40000,descending,30004,13002,0.833282,0.833282
40000,descending,30004,13002,0.833282,0.833282
40000,descending,30004,13002,0.833282,0.833282
40000,descending,30004,13002,0.833282,0.833282
40000,descending,30004,13002,0.833282,0.833282
40000,descending,30004,13002,0.833282,0.833282
40000,descending,30004,13002,0.833282,0.833282
40000,descending,30004,13002,0.833282,0.833282
40000,descending,30004,13002,0.833282,0.833282
40000,descending,30004,13002,0.833282,0.833282
40000,descending,30004,13002,0.833282,0.833282
40000,descending,30004,13002,0.833282,0.833282
40000,descending,30004,13002,0.833282,0.833282
40000,descending,30004,13002,0.833282,0.833282
40000,descending,30004,13002,0.833282,0.833282
40000,descending,30004,13002,0.833282,0.833282
40000,descending,30004,13002,0.833282,0.833282
40000,descending,30004,13002,0.833282,0.833282
40000,descending,30004,13002,0.833282,0.833282
45000,random,40,18,0.555556,0.591667
45000,random,37,18,0.521127,0.503937
45000,random,37,18,0.478873,0.491935
45000,random,38,18,0.472222,0.495798
45000,random,36,18,0.553846,0.569106
45000,random,35,19,0.538462,0.548387
45000,random,35,18,0.492754,0.352381
45000,random,34,17,0.492537,0.507937
45000,random,37,18,0.430769,0.408333
45000,random,35,18,0.514706,0.487805
45000,random,35,19,0.660377,0.67033
45000,random,35,18,0.453125,0.451613
45000,random,37,19,0.403226,0.411765
45000,random,40,19,0.42029,0.452991
45000,random,36,18,0.507042,0.422018
45000,random,35,18,0.461538,0.459677
45000,random,37,18,0.471429,0.512195
45000,random,40,18,0.519481,0.504065
45000,random,35,18,0.435484,0.392857
45000,random,35,18,0.5,0.52381
45000,random,38,18,0.464789,0.492188
45000,random,38,18,0.441176,0.40678
45000,random,33,18,0.5,0.479675
45000,random,33,18,0.507692,0.496
45000,random,41,19,0.61194,0.603448
45000,random,39,18,0.442857,0.517241
45000,random,35,17,0.485294,0.480315
45000,random,36,18,0.521739,0.507937
45000,random,36,18,0.571429,0.565217
45000,random,37,18,0.471429,0.488722
45000,random,38,18,0.441176,0.477876
45000,random,37,18,0.569231,0.594828
45000,random,37,19,0.587302,0.586777
45000,random,38,20,0.366667,0.42
45000,random,35,18,0.477612,0.361111
45000,random,34,18,0.539683,0.550847
45000,random,38,18,0.542857,0.531746
45000,random,39,18,0.41791,0.421875
45000,random,33,17,0.507692,0.504132
45000,random,34,18,0.5,0.520661
45000,random,38,18,0.550725,0.532258
45000,random,36,17,0.485714,0.48
45000,random,34,18,0.507463,0.435185
45000,random,38,18,0.558824,0.580645
45000,random,34,17,0.507463,0.5
45000,random,36,18,0.514286,0.504
45000,random,40,19,0.459459,0.412698
45000,random,37,18,0.569231,0.565574
45000,random,37,18,0.536232,0.565217
45000,random,34,18,0.392857,0.4
45000,ascending,44,26,0,0
45000,ascending,44,26,0,0
45000,ascending,44,26,0,0
45000,ascending,44,26,0,0
45000,ascending,44,26,0,0
45000,ascending,44,26,0,0
45000,ascending,44,26,0,0
45000,ascending,44,26,0,0
45000,ascending,44,26,0,0
45000,ascending,44,26,0,0
45000,ascending,44,26,0,0
45000,ascending,44,26,0,0
45000,ascending,44,26,0,0
45000,ascending,44,26,0,0
45000,ascending,44,26,0,0
45000,ascending,44,26,0,0
45000,ascending,44,26,0,0
45000,ascending,44,26,0,0
45000,ascending,44,26,0,0
45000,ascending,44,26,0,0
45000,ascending,44,26,0,0
45000,ascending,44,26,0,0
45000,ascending,44,26,0,0
45000,ascending,44,26,0,0
45000,ascending,44,26,0,0
45000,ascending,44,26,0,0
45000,ascending,44,26,0,0
45000,ascending,44,26,0,0
45000,ascending,44,26,0,0
45000,ascending,44,26,0,0
45000,ascending,44,26,0,0
45000,ascending,44,26,0,0
45000,ascending,44,26,0,0
45000,ascending,44,26,0,0
45000,ascending,44,26,0,0
45000,ascending,44,26,0,0
45000,ascending,44,26,0,0
45000,ascending,44,26,0,0
45000,ascending,44,26,0,0
45000,ascending,44,26,0,0
45000,ascending,44,26,0,0
45000,ascending,44,26,0,0
45000,ascending,44,26,0,0
45000,ascending,44,26,0,0
45000,ascending,44,26,0,0
45000,ascending,44,26,0,0
45000,ascending,44,26,0,0
45000,ascending,44,26,0,0
45000,ascending,44,26,0,0
45000,ascending,44,26,0,0
45000,descending,35004,15499,0.864168,0.864168
45000,descending,35004,15499,0.864168,0.864168
45000,descending,35004,15499,0.864168,0.864168
45000,descending,35004,15499,0.864168,0.864168
45000,descending,35004,15499,0.864168,0.864168
45000,descending,35004,15499,0.864168,0.864168
45000,descending,35004,15499,0.864168,0.864168
45000,descending,35004,15499,0.864168,0.864168
45000,descending,35004,15499,0.864168,0.864168
45000,descending,35004,15499,0.864168,0.864168
45000,descending,35004,15499,0.864168,0.864168
45000,descending,35004,15499,0.864168,0.864168
45000,descending,35004,15499,0.864168,0.864168
45000,descending,35004,15499,0.864168,0.864168
45000,descending,35004,15499,0.864168,0.864168
45000,descending,35004,15499,0.864168,0.864168
45000,descending,35004,15499,0.864168,0.864168
45000,descending,35004,15499,0.864168,0.864168
45000,descending,35004,15499,0.864168,0.864168
45000,descending,35004,15499,0.864168,0.864168
45000,descending,35004,15499,0.864168,0.864168
45000,descending,35004,15499,0.864168,0.864168
45000,descending,35004,15499,0.864168,0.864168
45000,descending,35004,15499,0.864168,0.864168
45000,descending,35004,15499,0.864168,0.864168
45000,descending,35004,15499,0.864168,0.864168
45000,descending,35004,15499,0.864168,0.864168
45000,descending,35004,15499,0.864168,0.864168
45000,descending,35004,15499,0.864168,0.864168
45000,descending,35004,15499,0.864168,0.864168
45000,descending,35004,15499,0.864168,0.864168
45000,descending,35004,15499,0.864168,0.864168
45000,descending,35004,15499,0.864168,0.864168
45000,descending,35004,15499,0.864168,0.864168
45000,descending,35004,15499,0.864168,0.864168
45000,descending,35004,15499,0.864168,0.864168
45000,descending,35004,15499,0.864168,0.864168
45000,descending,35004,15499,0.864168,0.864168
45000,descending,35004,15499,0.864168,0.864168
45000,descending,35004,15499,0.864168,0.864168
45000,descending,35004,15499,0.864168,0.864168
45000,descending,35004,15499,0.864168,0.864168
45000,descending,35004,15499,0.864168,0.864168
45000,descending,35004,15499,0.864168,0.864168
45000,descending,35004,15499,0.864168,0.864168
45000,descending,35004,15499,0.864168,0.864168
45000,descending,35004,15499,0.864168,0.864168
45000,descending,35004,15499,0.864168,0.864168
45000,descending,35004,15499,0.864168,0.864168
45000,descending,35004,15499,0.864168,0.864168
50000,random,35,18,0.40678,0.392857
50000,random,37,18,0.471429,0.507812
50000,random,37,18,0.544118,0.559055
50000,random,35,18,0.507246,0.512821
50000,random,34,18,0.515152,0.51938
50000,random,35,18,0.492754,0.479675
50000,random,39,19,0.493506,0.503597
50000,random,42,18,0.4,0.446281
50000,random,34,18,0.442623,0.426087
50000,random,33,18,0.515625,0.516129
50000,random,39,18,0.450704,0.444444
50000,random,38,18,0.513514,0.484615
50000,random,36,18,0.478261,0.492063
50000,random,35,19,0.514706,0.526316
50000,random,37,19,0.587302,0.568807
50000,random,35,19,0.351852,0.388889
50000,random,38,18,0.449275,0.438017
50000,random,35,18,0.514706,0.495868
50000,random,39,18,0.458333,0.563636
50000,random,38,19,0.603175,0.61157
50000,random,37,18,0.439394,0.508929
50000,random,39,19,0.527027,0.507937
50000,random,38,18,0.550725,0.541985
50000,random,39,18,0.52,0.51145
50000,random,37,18,0.521127,0.495868
50000,random,33,17,0.515625,0.556522
50000,random,38,19,0.24,0.244681
50000,random,36,18,0.529412,0.512
50000,random,35,17,0.485294,0.488189
50000,random,42,19,0.608696,0.566667
50000,random,34,17,0.515152,0.520325
50000,random,39,18,0.409091,0.351852
50000,random,41,19,0.33871,0.37963
50000,random,40,18,0.555556,0.578125
50000,random,31,17,0.5,0.5
50000,random,38,18,0.520548,0.446281
50000,random,41,19,0.369231,0.27619
50000,random,36,18,0.514286,0.507692
50000,random,35,18,0.507246,0.5
50000,random,38,20,0.366667,0.411765
50000,random,36,19,0.492958,0.469565
50000,random,36,18,0.485714,0.455285
50000,random,35,17,0.507246,0.511628
50000,random,37,18,0.447761,0.45082
50000,random,37,18,0.471429,0.496124
50000,random,37,18,0.493151,0.483607
50000,random,32,17,0.492063,0.495868
50000,random,36,18,0.580645,0.60177
50000,random,37,18,0.528571,0.523077
50000,random,34,18,0.523077,0.525424
50000,ascending,45,27,0,0
50000,ascending,45,27,0,0
50000,ascending,45,27,0,0
50000,ascending,45,27,0,0
50000,ascending,45,27,0,0
50000,ascending,45,27,0,0
50000,ascending,45,27,0,0
50000,ascending,45,27,0,0
50000,ascending,45,27,0,0
50000,ascending,45,27,0,0
50000,ascending,45,27,0,0
50000,ascending,45,27,0,0
50000,ascending,45,27,0,0
50000,ascending,45,27,0,0
50000,ascending,45,27,0,0
50000,ascending,45,27,0,0
50000,ascending,45,27,0,0
50000,ascending,45,27,0,0
50000,ascending,45,27,0,0
50000,ascending,45,27,0,0
50000,ascending,45,27,0,0
50000,ascending,45,27,0,0
50000,ascending,45,27,0,0
50000,ascending,45,27,0,0
50000,ascending,45,27,0,0
50000,ascending,45,27,0,0
50000,ascending,45,27,0,0
50000,ascending,45,27,0,0
50000,ascending,45,27,0,0
50000,ascending,45,27,0,0
50000,ascending,45,27,0,0
50000,ascending,45,27,0,0
50000,ascending,45,27,0,0
50000,ascending,45,27,0,0
50000,ascending,45,27,0,0
50000,ascending,45,27,0,0
50000,ascending,45,27,0,0
50000,ascending,45,27,0,0
50000,ascending,45,27,0,0
50000,ascending,45,27,0,0
50000,ascending,45,27,0,0
50000,ascending,45,27,0,0
50000,ascending,45,27,0,0
50000,ascending,45,27,0,0
50000,ascending,45,27,0,0
50000,ascending,45,27,0,0
50000,ascending,45,27,0,0
50000,ascending,45,27,0,0
50000,ascending,45,27,0,0
50000,ascending,45,27,0,0
50000,descending,40004,18057,0.88884,0.88884
50000,descending,40004,18057,0.88884,0.88884
50000,descending,40004,18057,0.88884,0.88884
50000,descending,40004,18057,0.88884,0.88884
50000,descending,40004,18057,0.88884,0.88884
50000,descending,40004,18057,0.88884,0.88884
50000,descending,40004,18057,0.88884,0.88884
50000,descending,40004,18057,0.88884,0.88884
50000,descending,40004,18057,0.88884,0.88884
50000,descending,40004,18057,0.88884,0.88884
50000,descending,40004,18057,0.88884,0.88884
50000,descending,40004,18057,0.88884,0.88884
50000,descending,40004,18057,0.88884,0.88884
50000,descending,40004,18057,0.88884,0.88884
50000,descending,40004,18057,0.88884,0.88884
50000,descending,40004,18057,0.88884,0.88884
50000,descending,40004,18057,0.88884,0.88884
50000,descending,40004,18057,0.88884,0.88884
50000,descending,40004,18057,0.88884,0.88884
50000,descending,40004,18057,0.88884,0.88884
50000,descending,40004,18057,0.88884,0.88884
50000,descending,40004,18057,0.88884,0.88884
50000,descending,40004,18057,0.88884,0.88884
50000,descending,40004,18057,0.88884,0.88884
50000,descending,40004,18057,0.88884,0.88884
50000,descending,40004,18057,0.88884,0.88884
50000,descending,40004,18057,0.88884,0.88884
50000,descending,40004,18057,0.88884,0.88884
50000,descending,40004,18057,0.88884,0.88884
50000,descending,40004,18057,0.88884,0.88884
50000,descending,40004,18057,0.88884,0.88884
50000,descending,40004,18057,0.88884,0.88884
50000,descending,40004,18057,0.88884,0.88884
50000,descending,40004,18057,0.88884,0.88884
50000,descending,40004,18057,0.88884,0.88884
50000,descending,40004,18057,0.88884,0.88884
50000,descending,40004,18057,0.88884,0.88884
50000,descending,40004,18057,0.88884,0.88884
50000,descending,40004,18057,0.88884,0.88884
50000,descending,40004,18057,0.88884,0.88884
50000,descending,40004,18057,0.88884,0.88884
50000,descending,40004,18057,0.88884,0.88884
50000,descending,40004,18057,0.88884,0.88884
50000,descending,40004,18057,0.88884,0.88884
50000,descending,40004,18057,0.88884,0.88884
50000,descending,40004,18057,0.88884,0.88884
50000,descending,40004,18057,0.88884,0.88884
50000,descending,40004,18057,0.88884,0.88884
50000,descending,40004,18057,0.88884,0.88884
50000,descending,40004,18057,0.88884,0.88884
